u,s,e,r,_,n,a,m,e
F,r,a,n,k, ,C,a,n,d,i,d,o
J,a,m,e,s, ,D,e,a,n
J,a,m,e,s, ,D,e,a,n
S,t,e,v,e, ,T,h,o,m,a,s
S,t,e,v,e, ,T,h,o,m,a,s
m,i,c,h,a,e,l, ,d,e,h,n
J,o,h,n, ,P,e,n,t,o,n,y
M,a,r,i,j,k,e, ,v,a,n, ,d,e,r, ,L,e,e
M,a,r,i,j,k,e, ,v,a,n, ,d,e,r, ,L,e,e
F,R,A,N,C,I,S, ,K, ,S, ,L,I,M
F,R,A,N,C,I,S, ,K, ,S, ,L,I,M
B,r,a,n,d,o,n, ,M,a,c,d,o,n,a,l,d
S,t,e,v,e, ,T,h,o,m,a,s
S,t,e,v,e, ,T,h,o,m,a,s
J,o,h,n, ,P,e,n,t,o,n,y
G,i,l,b,e,r,t, ,R,o,n,o
M,a,b,l,e, ,T,w,e,g,u,m,y,e, ,Z,a,k,e
D,e,a,n, ,J,a,m,e,s
D,e,a,n, ,J,a,m,e,s
R,o,n,a,l,d, ,S,s,e,k,a,n,d,i
A,f,r,i,c,a, ,R,e,p,o,r,t
D,e,a,n, ,J,a,m,e,s
D,e,a,n, ,J,a,m,e,s
P,a,u,l, ,J,o,n,e,s
A,m,a,r,a, ,P,o,p,e
E,l,i,z,a,b,e,t,h, ,B,l,o,c,k
P,e,t,e,r, ,B,e,l,l
L,o,u,i,s, ,J,a,d,w,o,n,g
J,o,h,n, ,P,e,n,t,o,n,y
P,a,u,l, ,J,o,n,e,s
R,a,n,d,y, ,h,i,l,z,i,n,g,e,r
D,o,u,g,l,a,s
J,u,l,i,u,s, ,B,u,s,i,n,g,e
E,d,w,i,n, ,M,u,h,u,m,u,z,a
